{
    "Index": {
        "name":"Diary-2017-01-01",
        "type";"Data",
        "usedTemplate":"Diary",
        "identifyTemplate":{
            "type": "Hush",
            "code": "BBBB-BBBB-BBBB-BBBB-BBBB"
        },
        "usedVersion":{
            "type": "Hush",
            "code": "AAAA-AAAA-AAAA-AAAA-AAAA"
        }
        
        "TodaysSchedule": {
            "TodaysSchedule_1": {
                "TodaysSchedule_1_1": {
                    "Q": "件名",
                    "A": "a"
                },
                "TodaysSchedule_1_2": {
                    "Q": "評価",
                    "A": "○"
                },
                "TodaysSchedule_1_3": {
                    "Q": "内容",
                    "A": "b"
                },
                "TodaysSchedule_1_4": {
                    "Q": "タグ",
                    "A": "c"
                }
            },
            "TodaysSchedule_2": {
                "TodaysSchedule_2_1": {
                    "Q": "件名",
                    "A": "d"
                },
                "TodaysSchedule_2_2": {
                    "Q": "評価",
                    "A": "△"
                },
                "TodaysSchedule_2_3": {
                    "Q": "内容",
                    "A": "e"
                },
                "TodaysSchedule_2_4": {
                    "Q": "タグ",
                    "A": "f"
                }
            },
            "TodaysSchedule_3": {
                "TodaysSchedule_3_1": {
                    "Q": "件名",
                    "A": "g"
                },
                "TodaysSchedule_3_2": {
                    "Q": "評価",
                    "A": "×"
                },
                "TodaysSchedule_3_3": {
                    "Q": "内容",
                    "A": "h"
                },
                "TodaysSchedule_3_4": {
                    "Q": "タグ",
                    "A": "i"
                }
            }
        }
    }
}