{"QandA":{"TodaysNews":{"TodaysNews_1":{"TodaysNews_1_1":{"Q":"タイトル","A":"a"},"TodaysNews_1_2":{"Q":"内容","A":"b"},"TodaysNews_1_3":{"Q":"タグ","A":"c"}},"TodaysNews_2":{"TodaysNews_2_1":{"Q":"タイトル","A":"d"},"TodaysNews_2_2":{"Q":"内容","A":"e"},"TodaysNews_2_3":{"Q":"タグ","A":"f"}},"TodaysNews_3":{"TodaysNews_3_1":{"Q":"タイトル","A":"g"},"TodaysNews_3_2":{"Q":"内容","A":"h"},"TodaysNews_3_3":{"Q":"タグ","A":"i"}}},"TodaysEvents":{"TodaysEvents_1":{"TodaysEvents_1_1":{"Q":"タイトル","A":"aaa"},"TodaysEvents_1_2":{"Q":"内容","A":"bbb"},"TodaysEvents_1_3":{"Q":"タグ","A":"ccc"}},"TodaysEvents_2":{"TodaysEvents_2_1":{"Q":"タイトル","A":"ddd"},"TodaysEvents_2_2":{"Q":"内容","A":"eee"},"TodaysEvents_2_3":{"Q":"タグ","A":"fff"}},"TodaysEvents_3":{"TodaysEvents_3_1":{"Q":"タイトル","A":"ggg"},"TodaysEvents_3_2":{"Q":"内容","A":"hhh"},"TodaysEvents_3_3":{"Q":"タグ","A":"iii"}}}}}
