{
    "Index": {
        "name": "Diary",
        "type":"Template",
        "identifyTemplate":{
            "type": "Hush",
            "code": "BBBB-BBBB-BBBB-BBBB-BBBB"
        },
        "virsion": {
            "type": "Hush",
            "code": "AAAA-AAAA-AAAA-AAAA-AAAA",
            "previous":""
        },
        "DataIndex":{
            "name":{
                "regulation":["date"],
                "Substance":"Diary-yyyy-mm-dd"
            }
        },
        "Contents": {
            "name": "Diary",
            "Chapter": {
                "sumTotal":4,
                "n1": {
                    "name": "TodaysEvents",
                    "Subject": "・今日の主な出来事",
                    "Substance": "今日の自分の出来事を書き込む",
                    "initualTimes": 3,
                    "item": {
                        "system": "QandA",
                        "Questions": {
                            "sumTotal":3,
                            "struct":{
                                "tr1":{
                                    "td1":"n1"
                                },
                                "tr2":{
                                    "td1":" : ",
                                    "td1":"n2"
                                }
                            },
                            "n1": {
                                "form": "textBox",
                                "article": "タイトル"
                            },
                            "n2": {
                                "form": "textbox",
                                "article": "内容"
                            },
                            "n3": {
                                "form": "textbox",
                                "article": "タグ"
                            }
                        }
                    }
                },
                "n2": {
                    "name": "TodaysNews",
                    "Subject": "・今日の主なニュース",
                    "Substance": "今日の自分の身の周りに起こった出来事やニュースを書き込む",
                    "initualTimes": 3,
                    "item": {
                        "system": "QandA",
                        "Questions": {
                            "sumTotal":3,
                            "struct":{
                                "tr1":{
                                    "td1":"n1"
                                },
                                "tr2":{
                                    "td1":"n2"
                                },
                                "tr3":{
                                    "td1":"n3"
                                }
                            },
                            "n1": {
                                "form": "textBox",
                                "article": "タイトル"
                            },
                            "n2": {
                                "form": "textbox",
                                "article": "内容"
                            },
                            "n3": {
                                "form": "textbox",
                                "article": "タグ"
                            }
                        }
                    }
                },
                "n3":{
                    "name": "TodaysSchedule",
                    "Subject": "・予定していたこと、達成したこと",
                    "Substance": "今日予定していたことや達成したことへの評価を書き込む",
                    "initualTimes": 3,
                    "item": {
                        "system": "QandA",
                        "Questions": {
                            "sumTotal":4,
                            "struct":{
                                "tr1":{
                                    "td1":"n1",
                                    "td1":"n2"
                                },
                                "tr2":{
                                    "td1":"n3"
                                },
                                "tr3":{
                                    "td1":"n4"
                                }
                            },
                            "n1": {
                                "form": "textBox",
                                "article": "件名"
                            },
                            "n2": {
                                "form": "select",
                                "article": "評価",
                                "value" : {
                                    "selected": "",
                                    "table": ["","○","△","□","×"]
                                }
                            },
                            "n3": {
                                "form": "textbox",
                                "article": "内容"
                            },
                            "n4": {
                                "form": "textbox",
                                "article": "タグ"
                            }
                        }
                    }
                },
                "n4" :{
                    "name": "ExperienceAndFeel",
                    "Subject": "・今日の主なニュース",
                    "Substance": "今日の自分の身の周りに起こった出来事やニュースを書き込む",
                    "initualTimes": 3,
                    "item": {
                        "system": "QandA",
                        "Questions": {
                            "sumTotal":3,
                            "struct":{
                                "tr1":{
                                    "td1":"n1"
                                },
                                "tr2":{
                                    "td1":"n2"
                                },
                                "tr3":{
                                    "td1":"n3"
                                }
                            },
                            "n1": {
                                "form": "textBox",
                                "article": "タイトル"
                            },
                            "n2": {
                                "form": "textbox",
                                "article": "内容"
                            },
                            "n3": {
                                "form": "textbox",
                                "article": "タグ"
                            }
                        }
                    }
                }
            }
        }
    }
}